Currency,Exchange Rate to EUR
USD,1.159111
GBP,0.875998
AUD,1.778406
CAD,1.627363
PLN,4.233223
MXN,21.261049
